Workbook

Sheet README
A1: Longitudinal Udder Health Study Data Entry Workbook
A3: Study design | B3: 12-month prospective multicentre cohort; fortnightly CMT and monthly quantitative SCC
A4: Data hierarchy | B4: State → Farm → Cow → Lactation → Visit → Quarter
A6: Core data-entry rules | B6: Instruction
A7: One row per observation | B7: Respect the unit named in each sheet. Do not place several cows, quarters or samples in one row.
A8: Identifiers | B8: Use permanent IDs exactly as defined. Never recycle Farm_ID, Cow_ID, Visit_ID, Lactation_ID, Sample_ID or Event_ID.
A9: State | B9: Select the State from the dropdown in every data table, even when a farm link could reproduce it.
A10: Missing values | B10: Leave a field blank only temporarily. Complete Missing_Reason where an expected visit/test is absent. Never use 0, 99 or 999 for missing.
A11: Dates | B11: Enter genuine Excel dates displayed as YYYY-MM-DD. Record actual visit dates; do not backfill missed observations.
A12: CMT | B12: Enter N, T, 1, 2 or 3 for each functional quarter. CMT is ordinal and must not be converted into an invented exact SCC.
A13: SCC | B13: Enter the raw quantitative result in cells/mL without commas or text. Use SCC_Result_Flag for below/above analytical range.
A14: Quarter codes | B14: Use LF, RF, LR or RR only. Use COMPOSITE only in Sample_Lab.
A15: Source records | B15: Keep consent forms, paper forms, laboratory registers and query resolutions securely with matching IDs.
... A24: Event_ID | B24: E-NWN-SO-001-C001-20261005-01

Sheet FARM
A1: Farm register
A2: One row per enrolled farm. Complete baseline information before the first longitudinal visit.
A4: State | B4: LGA | C4: Ward_Community | D4: Farm_ID | E4: GPS_Latitude | F4: GPS_Longitude | G4: Enrolment_Date | H4: Production_System | I4: Ownership_Type | J4: Total_Cattle | K4: Lactating_Cows_Baseline | L4: Main_Breeds | M4: Replacement_Source | N4: Milking_Method | O4: Milking_Frequency_per_Day | P4: Housing_Type | Q4: Floor_Type | R4: Bedding_Type | S4: Water_Source | T4: Shade_Availability | U4: Cooling_System | V4: Routine_Mastitis_Screening | W4: Written_Treatment_Protocol | X4: Dry_Cow_Therapy | Y4: Veterinary_Visit_Frequency | Z4: Respondent_Code | AA4: Interviewer_ID | AB4: Consent_Obtained | AC4: Notes

Sheet FARM_VISIT
A1: Fortnightly farm visit log
A2: One row per farm visit. Use actual dates and document schedule deviations and changing farm conditions.
A4: State | B4: Farm_ID | C4: Visit_ID | D4: Scheduled_Date | E4: Actual_Date | F4: Arrival_Time | G4: Observer_IDs | H4: Lactating_Cows_Present | I4: Expected_Cows_Absent | J4: Milking_Time_Observed | K4: Milking_Operator_Codes | L4: Milking_Method_Today | M4: Water_Available | N4: Power_Available | O4: Floor_Wetness | P4: Bedding_Condition | Q4: Manure_Accumulation | R4: Fly_Abundance | S4: Rain_Past_24h | T4: Farm_Rainfall_mm | U4: Feed_Change_Since_Last | V4: Milking_Routine_Change | W4: Animals_Introduced | X4: Disease_Outbreak_Event | Y4: Delay_or_Missed_Reason | Z4: Corrective_Action_Query | AA4: Notes

Sheet COW
A1: Cow register
A2: One row per cow. Permanent identity and characteristics that do not change at each visit.
A4: State | B4: Farm_ID | C4: Cow_ID | D4: Local_Tag_ID | E4: Breed_Genetic_Group | F4: Birth_Date | G4: Estimated_Age_Years | H4: Age_Source | I4: Cow_Source | J4: Arrival_Date | K4: Distinctive_Markings_Photo_Code | L4: Previous_Clinical_Mastitis | M4: Previous_High_SCC_CMT | N4: Permanent_Notes

Sheet LACTATION
A1: Cow lactation register
A2: One row per cow-lactation. Create a new Lactation_ID after every calving.
A4: State | B4: Farm_ID | C4: Cow_ID | D4: Lactation_ID | E4: Parity | F4: Calving_Date | G4: Calving_Outcome | H4: Dry_Cow_Therapy_Previous | I4: Teat_Sealant_Previous | J4: Lactation_Start_Entry_Date | K4: Dry_Off_Date | L4: Exit_Date | M4: Exit_Reason | N4: Pregnancy_Status_At_Entry | O4: Previous_Lactation_Yield_kg | P4: Notes

Sheet COW_VISIT
A1: Cow visit measurements
A2: One row per cow at each visit. Enter Missing_Reason when an expected cow-level observation is unavailable.
A4: State | B4: Farm_ID | C4: Visit_ID | D4: Actual_Date | E4: Cow_ID | F4: Lactation_ID | G4: DIM | H4: Parity | I4: Milk_Yield_Value | J4: Milk_Yield_Unit | K4: Yield_Period | L4: Measurement_Method | M4: Milking_Frequency | N4: BCS_Value | O4: BCS_Scale | P4: Locomotion_Score | Q4: Udder_Hygiene_Score | R4: Rectal_Temperature_C | S4: Concurrent_Disease_Signs | T4: Antimicrobial_Previous_14d | U4: Mastitis_Treatment_Since_Last | V4: Incomplete_Milking_or_Suckling | W4: Missing_Reason | X4: Observer_ID | Y4: Notes

Sheet QUARTER_VISIT
A1: Quarter examination and CMT
A2: One row per cow-quarter-visit. Four rows are expected for each cow-visit unless a quarter is absent or nonfunctional.
A4: State | B4: Farm_ID | C4: Visit_ID | D4: Actual_Date | E4: Cow_ID | F4: Lactation_ID | G4: Quarter | H4: Functional_Status | I4: Clinical_Mastitis | J4: Clinical_Grade | K4: Milk_Abnormality | L4: Swelling_Heat_Pain | M4: Teat_End_Score | N4: Teat_Lesion | O4: Udder_Quarter_Finding | P4: CMT_Score | Q4: CMT_Positive_Primary | R4: Quantitative_SCC_cells_mL | S4: SCC_Result_Flag | T4: Culture_Sample_ID | U4: Current_Treatment | V4: Missing_Reason | W4: Reader_ID | X4: CMT_Reagent_Lot | Y4: CMT_Reagent_Expiry | Z4: Notes

Sheet SAMPLE_LAB
A1: Milk sample and laboratory results
A2: One row per milk sample. Add a separate row for each quarter or composite sample; preserve raw laboratory values.
A4: Sample_ID | B4: State | C4: Farm_ID | D4: Visit_ID | E4: Cow_ID | F4: Lactation_ID | G4: Quarter_or_Composite | H4: Collection_Date | I4: Collection_Time | J4: Collector_ID | K4: Before_or_After_Milking | L4: Before_Treatment | M4: Preservative | N4: Storage_Temperature_C | O4: Laboratory_Receipt_Date | P4: Receipt_Time | Q4: Condition_On_Receipt | R4: SCC_Method_Instrument | S4: SCC_cells_mL | T4: SCC_Result_Flag | U4: Culture_Result_Category | V4: Organism | W4: Isolate_ID | X4: Mixed_Contaminated | Y4: AST_Method_Standard_Version | Z4: Laboratory_Technician | AA4: QC_Batch_Result | AB4: Report_Date | AC4: Notes

Sheet TREATMENT
A1: Clinical mastitis and treatment events
A2: One row per treatment course or clinical event. Do not combine separate products or unrelated episodes without a shared Event_ID.
A4: Event_ID | B4: State | C4: Farm_ID | D4: Cow_ID | E4: Lactation_ID | F4: Detection_Date | G4: Detection_Time | H4: Detected_By | I4: Quarter_s | J4: Clinical_Grade | K4: Rectal_Temperature_C | L4: Sample_Before_Treatment | M4: Sample_ID | N4: Veterinarian_Consulted | O4: Product_Trade_Name | P4: Active_Ingredient_s | Q4: Dose | R4: Dose_Unit | S4: Route | T4: Frequency | U4: Treatment_Start_Date | V4: Treatment_Stop_Date | W4: Decision_Maker | X4: Milk_Withdrawal_End_Date | Y4: Meat_Withdrawal_End_Date | Z4: Supportive_Treatment | AA4: Outcome_At_Next_Visit | AB4: Reason_No_Pretreatment_Sample | AC4: Notes

Sheet ENVIRONMENT
A1: Daily environmental measurements
A2: One row per farm-date or weather-station-date. Retain raw daily observations before calculating exposure windows.
A4: State | B4: Farm_ID | C4: Station_ID | D4: Date | E4: Temperature_Min_C | F4: Temperature_Mean_C | G4: Temperature_Max_C | H4: Relative_Humidity_Mean_pct | I4: Rainfall_mm | J4: THI | K4: Data_Source | L4: Distance_to_Farm_km | M4: QC_Flag | N4: Notes

Sheet DATA_QUALITY
A1: Data Quality Review
A3: Dataset | B3: Records entered | C3: Missing primary ID | D3: Duplicate primary key
A4: FARM | B4: =COUNTA(FARM!D5:D500) -> 0 | C4: =SUMPRODUCT(--(FARM!A5:A500<>""),--(FARM!D5:D500="")) -> 0 | D4: =SUMPRODUCT(--(FARM!D5:D500<>""),--(COUNTIF(FARM!D5:D500,FARM!D5:D500)>1)) -> 0
A5: FARM_VISIT | B5: =COUNTA(FARM_VISIT!C5:C2000) -> 0 | C5: =SUMPRODUCT(--(FARM_VISIT!A5:A2000<>""),--(FARM_VISIT!C5:C2000="")) -> 0 | D5: =SUMPRODUCT(--(FARM_VISIT!C5:C2000<>""),--(COUNTIF(FARM_VISIT!C5:C2000,FARM_VISIT!C5:C2000)>1)) -> 0
A6: COW | B6: =COUNTA(COW!C5:C2000) -> 0 | C6: =SUMPRODUCT(--(COW!A5:A2000<>""),--(COW!C5:C2000="")) -> 0 | D6: =SUMPRODUCT(--(COW!C5:C2000<>""),--(COUNTIF(COW!C5:C2000,COW!C5:C2000)>1)) -> 0
A7: LACTATION | B7: =COUNTA(LACTATION!D5:D3000) -> 0 | C7: =SUMPRODUCT(--(LACTATION!A5:A3000<>""),--(LACTATION!D5:D3000="")) -> 0 | D7: =SUMPRODUCT(--(LACTATION!D5:D3000<>""),--(COUNTIF(LACTATION!D5:D3000,LACTATION!D5:D3000)>1)) -> 0
A8: COW_VISIT | B8: =COUNTA(COW_VISIT!E5:E10000) -> 0 | C8: =SUMPRODUCT(--(COW_VISIT!A5:A10000<>""),--(COW_VISIT!E5:E10000="")) -> 0 | D8: =SUMPRODUCT(--(COW_VISIT!C5:C10000<>""),--(COW_VISIT!E5:E10000<>""),--(COUNTIFS(COW_VISIT!C5:C10000,COW_VISIT!C5:C10000,COW_VISIT!E5:E10000,COW_VISIT!E5:E10000)>1)) -> 0
A9: QUARTER_VISIT | B9: =COUNTA(QUARTER_VISIT!G5:G40000) -> 0 | C9: =SUMPRODUCT(--(QUARTER_VISIT!A5:A40000<>""),--((QUARTER_VISIT!C5:C40000="")+(QUARTER_VISIT!E5:E40000="")+(QUARTER_VISIT!G5:G40000="")>0)) -> 0 | D9: =SUMPRODUCT(--(QUARTER_VISIT!C5:C40000<>""),--(QUARTER_VISIT!E5:E40000<>""),--(QUARTER_VISIT!G5:G40000<>""),--(COUNTIFS(QUARTER_VISIT!C5:C40000,QUARTER_VISIT!C5:C40000,QUARTER_VISIT!E5:E40000,QUARTER_VISIT!E5:E40000,QUARTER_VISIT!G5:G40000,QUARTER_VISIT!G5:G40000)>1)) -> 0
A10: SAMPLE_LAB | B10: =COUNTA(SAMPLE_LAB!A5:A10000) -> 0 | C10: =SUMPRODUCT(--(SAMPLE_LAB!B5:B10000<>""),--(SAMPLE_LAB!A5:A10000="")) -> 0 | D10: =SUMPRODUCT(--(SAMPLE_LAB!A5:A10000<>""),--(COUNTIF(SAMPLE_LAB!A5:A10000,SAMPLE_LAB!A5:A10000)>1)) -> 0
A11: TREATMENT | B11: =COUNTA(TREATMENT!A5:A5000) -> 0 | C11: =SUMPRODUCT(--(TREATMENT!B5:B5000<>""),--(TREATMENT!A5:A5000="")) -> 0 | D11: =SUMPRODUCT(--(TREATMENT!A5:A5000<>""),--(COUNTIF(TREATMENT!A5:A5000,TREATMENT!A5:A5000)>1)) -> 0
A12: ENVIRONMENT | B12: =COUNTA(ENVIRONMENT!D5:D10000) -> 0 | C12: =SUMPRODUCT(--(ENVIRONMENT!A5:A10000<>""),--(ENVIRONMENT!D5:D10000="")) -> 0 | D12: =SUMPRODUCT(--(ENVIRONMENT!A5:A10000<>""),--(ENVIRONMENT!D5:D10000<>""),--(COUNTIFS(ENVIRONMENT!A5:A10000,ENVIRONMENT!A5:A10000,ENVIRONMENT!B5:B10000,ENVIRONMENT!B5:B10000,ENVIRONMENT!C5:C10000,ENVIRONMENT!C5:C10000,ENVIRONMENT!D5:D10000,ENVIRONMENT!D5:D10000)>1)) -> 0
A15: Additional check | B15: Current count
A16: Quarter visits with missing CMT and no missing reason | B16: =SUMPRODUCT(--(QUARTER_VISIT!A5:A40000<>""),--(QUARTER_VISIT!P5:P40000=""),--((QUARTER_VISIT!V5:V40000="")+(QUARTER_VISIT!V5:V40000="Not missing")>0)) -> 0
A17: SCC values entered without SCC result flag | B17: =SUMPRODUCT(--(QUARTER_VISIT!R5:R40000<>""),--(QUARTER_VISIT!S5:S40000="")) -> 0
A18: Clinical mastitis marked Yes without clinical grade | B18: =SUMPRODUCT(--(QUARTER_VISIT!I5:I40000="Yes"),--((QUARTER_VISIT!J5:J40000="")+(QUARTER_VISIT!J5:J40000="Not assessed")>0)) -> 0
A19: Treatment events without treatment start date | B19: =SUMPRODUCT(--(TREATMENT!A5:A5000<>""),--(TREATMENT!U5:U5000="")) -> 0
A20: Environment rows with Tmin greater than Tmax | B20: =SUMPRODUCT(--(ENVIRONMENT!E5:E10000<>""),--(ENVIRONMENT!G5:G10000<>""),--(ENVIRONMENT!E5:E10000>ENVIRONMENT!G5:G10000)) -> 0
A22: Interpret duplicate counts carefully: each duplicated row is counted, so two rows sharing the same key produce a count of 2. Investigate the source record before deleting or changing any observation.
